"aporta claridad para aprender de nuevo y de forma diferente hace un recorrido por distintas t√©cnicas de aprendizaje se inspira en la base de las teorias cognitivas para el buen funcionamiento de la memoria recopilaci√≥n muy buena y concreta de todos las ideas y conceptos fundamentales de la materia recomendado para todas aquellas personas que quieren empezar a profundizar en el tema sin ser expertos su lectura se hace f√°cil y al tener conceptos bastantes √∫tiles su lectura es agradablecomo siempre agradecido de que este libro sea p√∫blico y accesible casi un regalo para todos gran labor para extender la cultura y el conocimiento para as√≠ hacernos mas libres e independientesespero que mi opini√≥n sea de utilidad para quien la leagracias üëçüòçüòä","5 de 5 estrellas"
"genial f√°cil de leer y transmite los conceptos de forma clara y amena estar√≠a bien que profundizase m√°s en algunos temas","4 de 5 estrellas"
"voy a ser un tanto cr√≠tica vale que con lo que ha costado tampoco pod√≠a pedir gran cosa pero ya que se publicitaba como aprende como einstein me esperaba algo un poquito la verdad que m√°s elaborado da una pasada a unas cuantas t√©cnicas de memorizaci√≥n pero ni en profundidad ni me han servido para poner en pr√°ctica falta ejemplos ejercicios y falta de todo menos introducci√≥n porque bajo mi punto de vista es un mero libro introductorio por supuesto me ha ense√±ado algo c√≥mo comenzar con el palacio de la memoria una t√©cnica para memorizar la mar de apa√±ada por eso le he puesto 3 puntos tiene dos ejemplos y realmente es la que m√°s detallada he encontrado las t√©cnicas que aqu√≠ se llaman de fragmentaci√≥n de toda la vida la hemos conocido los inform√°ticos como divide y vencer√°s y si no eres inform√°tico deber√≠a de sonarte gracias a julio cesar que al menos hizo de esta t√©cnica una t√©cnica de batalla si te enfrentas a un problema enorme r√≥mpelo en peque√±as partes y acabar√°s por tenerlo solucionado en el tema militar divide a tu enemigo y aviado va si lo que buscas es m√°s informaci√≥n que profundidad y solo quieres informarte un poco sobre estos temas este es tu libro sino busca otro","2 de 5 estrellas"
"lo compr√© con ciertas dudas al no encontrar muchas referencias sobre √©l autor y me ha sorprendido enormementepur√©s cierto que soy tal mente novata en la materia y es posible que los contenidos del libro puedas encontrarlos mediante una ardua b√∫squeda en internet pero si quieres ahorrarte el trabajo por poco dinero este hombre ha hecho un resumen espectacular sintetizando los conceptos principales y explic√°ndolos con claridad es lo que buscabaa mi personalmente me ha resultado de gran ayuda","5 de 5 estrellas"
"en general todo","4 de 5 estrellas"
"conjunto de reflexiones para mejorar estrateg√≠as de decisi√≥n y ejercitar la memoria interesante pero breve y poca justificaci√≥n para mencionar a einstein en el t√≠tulo","3 de 5 estrellas"
"fue un regalo y acert√©  no lo dudes  si tu pareja esta aprendiendo algo  daselo aunque no sea un dia especial  seducel@ toda la vida y hazle crecer hacia su avance sin olvidarte de ti que si no lo has leido te lo recomiendo","5 de 5 estrellas"
"no est√° mal pero esperaba algo m√°s es como una edici√≥n de bolsillo pocas p√°ginas","4 de 5 estrellas"
"muy bueno alguna t√©cnica me era desconocida y ha sido de gran ayuda","4 de 5 estrellas"
"se que lo debo leer nuevamente para entenderlo y practicarlo mejor  es lo que me interesa  pero  me encanta  ü§©","3 de 5 estrellas"
